{
  "algorithm": "ga",
  "generations": 15,
  "population_size": 8,
  "mutation_rate": 0.15,
  "elite_count": 1,
  "tournament_size": 3,
  "controller_learning_steps": 15,
  "sim_steps": 400,
  "seed": 0,
  "best_fitness_history": [
    0.4398917853832245,
    0.4398917853832245,
    0.4398917853832245,
    0.46680721640586853,
    0.46680721640586853,
    0.5183387994766235,
    0.5183387994766235,
    0.5183387994766235,
    0.5183387994766235,
    0.5183387994766235,
    0.5183387994766235,
    0.5183387994766235,
    0.5183387994766235,
    0.5183387994766235,
    0.5718783140182495
  ],
  "population_history_shape": [
    8,
    15
  ]
}